language,license,rightsHolder,institutionCode,datasetID,datasetName,taxonID,acceptedNameUsageID,scientificName,acceptedNameUsage,kingdom,taxonRank,taxonomicStatus
en,http://creativecommons.org/publicdomain/zero/1.0/,INBO,INBO,https://doi.org/10.15468/97aucj,List of Invasive Alien Species of Union concern,union-list:taxon:e75968a892a25181e92a7a16e2480191,union-list:taxon:e75968a892a25181e92a7a16e2480191,Acacia saligna (Labill.) H.L.Wendl.,Acacia saligna (Labill.) H.L.Wendl.,Plantae,species,accepted
en,http://creativecommons.org/publicdomain/zero/1.0/,INBO,INBO,https://doi.org/10.15468/97aucj,List of Invasive Alien Species of Union concern,union-list:taxon:49a114c68be9999ff8cb203bc418d9df,union-list:taxon:e75968a892a25181e92a7a16e2480191,Acacia cyanophylla Lindl.,Acacia saligna (Labill.) H.L.Wendl.,Plantae,species,synonym
en,http://creativecommons.org/publicdomain/zero/1.0/,INBO,INBO,https://doi.org/10.15468/97aucj,List of Invasive Alien Species of Union concern,union-list:taxon:88fab226290e72ddf6e538d934aa58a6,union-list:taxon:88fab226290e72ddf6e538d934aa58a6,"Acridotheres tristis Linnaeus, 1766","Acridotheres tristis Linnaeus, 1766",Animalia,species,accepted
en,http://creativecommons.org/publicdomain/zero/1.0/,INBO,INBO,https://doi.org/10.15468/97aucj,List of Invasive Alien Species of Union concern,union-list:taxon:dc1a9c7d8ecbea2c17659b65aac590ef,union-list:taxon:dc1a9c7d8ecbea2c17659b65aac590ef,Ailanthus altissima (Mill.) Swingle,Ailanthus altissima (Mill.) Swingle,Plantae,species,accepted
en,http://creativecommons.org/publicdomain/zero/1.0/,INBO,INBO,https://doi.org/10.15468/97aucj,List of Invasive Alien Species of Union concern,union-list:taxon:52f42b74b3d05c74023d8a75c402989d,union-list:taxon:52f42b74b3d05c74023d8a75c402989d,"Alopochen aegyptiacus Linnaeus, 1766","Alopochen aegyptiacus Linnaeus, 1766",Animalia,species,accepted
en,http://creativecommons.org/publicdomain/zero/1.0/,INBO,INBO,https://doi.org/10.15468/97aucj,List of Invasive Alien Species of Union concern,union-list:taxon:b7674f5e6e0f6beed1f1360ed992f885,union-list:taxon:b7674f5e6e0f6beed1f1360ed992f885,Alternanthera philoxeroides (Mart.) Griseb.,Alternanthera philoxeroides (Mart.) Griseb.,Plantae,species,accepted
en,http://creativecommons.org/publicdomain/zero/1.0/,INBO,INBO,https://doi.org/10.15468/97aucj,List of Invasive Alien Species of Union concern,union-list:taxon:8aaacb40fb899153168d3ea045e724d2,union-list:taxon:8aaacb40fb899153168d3ea045e724d2,"Ameiurus melas (Rafinesque, 1820)","Ameiurus melas (Rafinesque, 1820)",Animalia,species,accepted
en,http://creativecommons.org/publicdomain/zero/1.0/,INBO,INBO,https://doi.org/10.15468/97aucj,List of Invasive Alien Species of Union concern,union-list:taxon:4849c38a09acc788fa58486f94c9f213,union-list:taxon:4849c38a09acc788fa58486f94c9f213,Andropogon virginicus L.,Andropogon virginicus L.,Plantae,species,accepted
en,http://creativecommons.org/publicdomain/zero/1.0/,INBO,INBO,https://doi.org/10.15468/97aucj,List of Invasive Alien Species of Union concern,union-list:taxon:19adb9e2d372d7a045d8b156690d3952,union-list:taxon:19adb9e2d372d7a045d8b156690d3952,"Arthurdendyus triangulatus (Dendy, 1894) Jones & Gerard (1999)","Arthurdendyus triangulatus (Dendy, 1894) Jones & Gerard (1999)",Animalia,species,accepted
en,http://creativecommons.org/publicdomain/zero/1.0/,INBO,INBO,https://doi.org/10.15468/97aucj,List of Invasive Alien Species of Union concern,union-list:taxon:a75a5b3dd389493da0a2d178ed1d304c,union-list:taxon:a75a5b3dd389493da0a2d178ed1d304c,Asclepias syriaca L.,Asclepias syriaca L.,Plantae,species,accepted
en,http://creativecommons.org/publicdomain/zero/1.0/,INBO,INBO,https://doi.org/10.15468/97aucj,List of Invasive Alien Species of Union concern,union-list:taxon:a150b4c8daa56805598fe8431f85416f,union-list:taxon:a150b4c8daa56805598fe8431f85416f,"Axis axis (Erxleben, 1777)","Axis axis (Erxleben, 1777)",Animalia,species,accepted
en,http://creativecommons.org/publicdomain/zero/1.0/,INBO,INBO,https://doi.org/10.15468/97aucj,List of Invasive Alien Species of Union concern,union-list:taxon:39645efd6ea88c7d8f4dc15682fd846f,union-list:taxon:39645efd6ea88c7d8f4dc15682fd846f,Baccharis halimifolia L.,Baccharis halimifolia L.,Plantae,species,accepted
en,http://creativecommons.org/publicdomain/zero/1.0/,INBO,INBO,https://doi.org/10.15468/97aucj,List of Invasive Alien Species of Union concern,union-list:taxon:4c8bc768708a70e1f8b19f3ab9ed43ee,union-list:taxon:4c8bc768708a70e1f8b19f3ab9ed43ee,Cabomba caroliniana Gray,Cabomba caroliniana Gray,Plantae,species,accepted
en,http://creativecommons.org/publicdomain/zero/1.0/,INBO,INBO,https://doi.org/10.15468/97aucj,List of Invasive Alien Species of Union concern,union-list:taxon:0b2e3151811441f6e2acbbfb5bdc4140,union-list:taxon:0b2e3151811441f6e2acbbfb5bdc4140,"Callosciurus erythraeus Pallas, 1779","Callosciurus erythraeus Pallas, 1779",Animalia,species,accepted
en,http://creativecommons.org/publicdomain/zero/1.0/,INBO,INBO,https://doi.org/10.15468/97aucj,List of Invasive Alien Species of Union concern,union-list:taxon:ecfd7f09f601677eb47467776169038f,union-list:taxon:ecfd7f09f601677eb47467776169038f,"Callosciurus finlaysonii (Horsfield, 1823)","Callosciurus finlaysonii (Horsfield, 1823)",Animalia,species,accepted
en,http://creativecommons.org/publicdomain/zero/1.0/,INBO,INBO,https://doi.org/10.15468/97aucj,List of Invasive Alien Species of Union concern,union-list:taxon:9dae038c1d31ba59909a3334ca075932,union-list:taxon:9dae038c1d31ba59909a3334ca075932,Cardiospermum grandiflorum Sw.,Cardiospermum grandiflorum Sw.,Plantae,species,accepted
en,http://creativecommons.org/publicdomain/zero/1.0/,INBO,INBO,https://doi.org/10.15468/97aucj,List of Invasive Alien Species of Union concern,union-list:taxon:d0bb21cbd59886823b84dac2ae243008,union-list:taxon:d0bb21cbd59886823b84dac2ae243008,Celastrus orbiculatus Thunb.,Celastrus orbiculatus Thunb.,Plantae,species,accepted
en,http://creativecommons.org/publicdomain/zero/1.0/,INBO,INBO,https://doi.org/10.15468/97aucj,List of Invasive Alien Species of Union concern,union-list:taxon:761bd7bd499576347745b0965bbd2acb,union-list:taxon:761bd7bd499576347745b0965bbd2acb,"Channa argus (Cantor, 1842)","Channa argus (Cantor, 1842)",Animalia,species,accepted
en,http://creativecommons.org/publicdomain/zero/1.0/,INBO,INBO,https://doi.org/10.15468/97aucj,List of Invasive Alien Species of Union concern,union-list:taxon:b78d1f501c4a7c55a5258315914fd765,union-list:taxon:b78d1f501c4a7c55a5258315914fd765,Cortaderia jubata (Lemoine ex Carrière) Stapf,Cortaderia jubata (Lemoine ex Carrière) Stapf,Plantae,species,accepted
en,http://creativecommons.org/publicdomain/zero/1.0/,INBO,INBO,https://doi.org/10.15468/97aucj,List of Invasive Alien Species of Union concern,union-list:taxon:df0ad9c3c3a8987696999eeaa706293a,union-list:taxon:df0ad9c3c3a8987696999eeaa706293a,"Corvus splendens Viellot, 1817","Corvus splendens Viellot, 1817",Animalia,species,accepted
en,http://creativecommons.org/publicdomain/zero/1.0/,INBO,INBO,https://doi.org/10.15468/97aucj,List of Invasive Alien Species of Union concern,union-list:taxon:ac136f6187e2882d2e080368e01b2c0b,union-list:taxon:ac136f6187e2882d2e080368e01b2c0b,Ehrharta calycina Sm.,Ehrharta calycina Sm.,Plantae,species,accepted
en,http://creativecommons.org/publicdomain/zero/1.0/,INBO,INBO,https://doi.org/10.15468/97aucj,List of Invasive Alien Species of Union concern,union-list:taxon:15ac43ee4b02bcf60227f74d8517fc44,union-list:taxon:15ac43ee4b02bcf60227f74d8517fc44,Eichhornia crassipes (Martius) Solms,Eichhornia crassipes (Martius) Solms,Plantae,species,accepted
en,http://creativecommons.org/publicdomain/zero/1.0/,INBO,INBO,https://doi.org/10.15468/97aucj,List of Invasive Alien Species of Union concern,union-list:taxon:2e09a2866f4457b3890927faba38c52a,union-list:taxon:2e09a2866f4457b3890927faba38c52a,Elodea nuttallii (Planch.) St. John,Elodea nuttallii (Planch.) St. John,Plantae,species,accepted
en,http://creativecommons.org/publicdomain/zero/1.0/,INBO,INBO,https://doi.org/10.15468/97aucj,List of Invasive Alien Species of Union concern,union-list:taxon:17cfe4544afdfdeba70d61de2e7327cf,union-list:taxon:17cfe4544afdfdeba70d61de2e7327cf,"Eriocheir sinensis H. Milne Edwards, 1854","Eriocheir sinensis H. Milne Edwards, 1854",Animalia,species,accepted
en,http://creativecommons.org/publicdomain/zero/1.0/,INBO,INBO,https://doi.org/10.15468/97aucj,List of Invasive Alien Species of Union concern,union-list:taxon:ace9990de333b0f9f3de92da4582dc32,union-list:taxon:ace9990de333b0f9f3de92da4582dc32,"Faxonius rusticus (Girard, 1852)","Faxonius rusticus (Girard, 1852)",Animalia,species,accepted
en,http://creativecommons.org/publicdomain/zero/1.0/,INBO,INBO,https://doi.org/10.15468/97aucj,List of Invasive Alien Species of Union concern,union-list:taxon:58df507c0b79a936f786c068e4956648,union-list:taxon:58df507c0b79a936f786c068e4956648,"Fundulus heteroclitus (Linnaeus, 1766)","Fundulus heteroclitus (Linnaeus, 1766)",Animalia,species,accepted
en,http://creativecommons.org/publicdomain/zero/1.0/,INBO,INBO,https://doi.org/10.15468/97aucj,List of Invasive Alien Species of Union concern,union-list:taxon:95935d9a527a2a5d567aa80f02401104,union-list:taxon:95935d9a527a2a5d567aa80f02401104,"Gambusia affinis (Baird & Girard, 1853)","Gambusia affinis (Baird & Girard, 1853)",Animalia,species,accepted
en,http://creativecommons.org/publicdomain/zero/1.0/,INBO,INBO,https://doi.org/10.15468/97aucj,List of Invasive Alien Species of Union concern,union-list:taxon:b7c1a95dc37cb3872da7e101c48aed8b,union-list:taxon:b7c1a95dc37cb3872da7e101c48aed8b,"Gambusia holbrooki Girard, 1859","Gambusia holbrooki Girard, 1859",Animalia,species,accepted
en,http://creativecommons.org/publicdomain/zero/1.0/,INBO,INBO,https://doi.org/10.15468/97aucj,List of Invasive Alien Species of Union concern,union-list:taxon:7160703d7486b64e70a884302467af4a,union-list:taxon:7160703d7486b64e70a884302467af4a,Gunnera tinctoria (Molina) Mirbel,Gunnera tinctoria (Molina) Mirbel,Plantae,species,accepted
en,http://creativecommons.org/publicdomain/zero/1.0/,INBO,INBO,https://doi.org/10.15468/97aucj,List of Invasive Alien Species of Union concern,union-list:taxon:f2878338323f2d1cb22aaf1746d0ed22,union-list:taxon:f2878338323f2d1cb22aaf1746d0ed22,Gymnocoronis spilanthoides (D.Don ex Hook. & Arn.) DC.,Gymnocoronis spilanthoides (D.Don ex Hook. & Arn.) DC.,Plantae,species,accepted
en,http://creativecommons.org/publicdomain/zero/1.0/,INBO,INBO,https://doi.org/10.15468/97aucj,List of Invasive Alien Species of Union concern,union-list:taxon:f73a924504e75ee4016488ba760ec92b,union-list:taxon:f73a924504e75ee4016488ba760ec92b,Hakea sericea Schrad. & J.C.Wendl.,Hakea sericea Schrad. & J.C.Wendl.,Plantae,species,accepted
en,http://creativecommons.org/publicdomain/zero/1.0/,INBO,INBO,https://doi.org/10.15468/97aucj,List of Invasive Alien Species of Union concern,union-list:taxon:af00bafde618b074f09cf3ec149ca9a7,union-list:taxon:af00bafde618b074f09cf3ec149ca9a7,Heracleum mantegazzianum Sommier & Levier,Heracleum mantegazzianum Sommier & Levier,Plantae,species,accepted
en,http://creativecommons.org/publicdomain/zero/1.0/,INBO,INBO,https://doi.org/10.15468/97aucj,List of Invasive Alien Species of Union concern,union-list:taxon:1623ed3ebe2a2bfee72c835807482202,union-list:taxon:1623ed3ebe2a2bfee72c835807482202,Heracleum persicum Fischer,Heracleum persicum Fischer,Plantae,species,accepted
en,http://creativecommons.org/publicdomain/zero/1.0/,INBO,INBO,https://doi.org/10.15468/97aucj,List of Invasive Alien Species of Union concern,union-list:taxon:f11f888571d616fccca840f0553fc906,union-list:taxon:f11f888571d616fccca840f0553fc906,Heracleum sosnowskyi Mandenova,Heracleum sosnowskyi Mandenova,Plantae,species,accepted
en,http://creativecommons.org/publicdomain/zero/1.0/,INBO,INBO,https://doi.org/10.15468/97aucj,List of Invasive Alien Species of Union concern,union-list:taxon:b870c156a2edacc94a9481757991cb88,union-list:taxon:b870c156a2edacc94a9481757991cb88,"Herpestes javanicus É. Geoffroy Saint-Hilaire, 1818","Herpestes javanicus É. Geoffroy Saint-Hilaire, 1818",Animalia,species,accepted
en,http://creativecommons.org/publicdomain/zero/1.0/,INBO,INBO,https://doi.org/10.15468/97aucj,List of Invasive Alien Species of Union concern,union-list:taxon:381bb05ccf7c58075dbae67555bbe92e,union-list:taxon:381bb05ccf7c58075dbae67555bbe92e,Humulus scandens (Lour.) Merr.,Humulus scandens (Lour.) Merr.,Plantae,species,accepted
en,http://creativecommons.org/publicdomain/zero/1.0/,INBO,INBO,https://doi.org/10.15468/97aucj,List of Invasive Alien Species of Union concern,union-list:taxon:487238e9d3235731e8f12cbcd01d4a35,union-list:taxon:487238e9d3235731e8f12cbcd01d4a35,Hydrocotyle ranunculoides L. f.,Hydrocotyle ranunculoides L. f.,Plantae,species,accepted
en,http://creativecommons.org/publicdomain/zero/1.0/,INBO,INBO,https://doi.org/10.15468/97aucj,List of Invasive Alien Species of Union concern,union-list:taxon:51cf5ff18a396017e1252c3c45575a04,union-list:taxon:51cf5ff18a396017e1252c3c45575a04,Impatiens glandulifera Royle,Impatiens glandulifera Royle,Plantae,species,accepted
en,http://creativecommons.org/publicdomain/zero/1.0/,INBO,INBO,https://doi.org/10.15468/97aucj,List of Invasive Alien Species of Union concern,union-list:taxon:a74afb80f5f7c9ef9a7b61b36a09931c,union-list:taxon:a74afb80f5f7c9ef9a7b61b36a09931c,Koenigia polystachya (Wall. ex Meisn.) T.M.Schust. & Reveal,Koenigia polystachya (Wall. ex Meisn.) T.M.Schust. & Reveal,Plantae,species,accepted
en,http://creativecommons.org/publicdomain/zero/1.0/,INBO,INBO,https://doi.org/10.15468/97aucj,List of Invasive Alien Species of Union concern,union-list:taxon:4314213c1e1e2d0eac734eebd9d6a6f2,union-list:taxon:4314213c1e1e2d0eac734eebd9d6a6f2,Lagarosiphon major (Ridley) Moss,Lagarosiphon major (Ridley) Moss,Plantae,species,accepted
en,http://creativecommons.org/publicdomain/zero/1.0/,INBO,INBO,https://doi.org/10.15468/97aucj,List of Invasive Alien Species of Union concern,union-list:taxon:0fd9eb90e522c0e74f52b17cd05eea3e,union-list:taxon:0fd9eb90e522c0e74f52b17cd05eea3e,"Lampropeltis getula (Linnaeus, 1766)","Lampropeltis getula (Linnaeus, 1766)",Animalia,species,accepted
en,http://creativecommons.org/publicdomain/zero/1.0/,INBO,INBO,https://doi.org/10.15468/97aucj,List of Invasive Alien Species of Union concern,union-list:taxon:3af71b7fed6cf5ded48f9d0ae3a5deaa,union-list:taxon:3af71b7fed6cf5ded48f9d0ae3a5deaa,"Lepomis gibbosus Linnaeus, 1758","Lepomis gibbosus Linnaeus, 1758",Animalia,species,accepted
en,http://creativecommons.org/publicdomain/zero/1.0/,INBO,INBO,https://doi.org/10.15468/97aucj,List of Invasive Alien Species of Union concern,union-list:taxon:cd87991d909e51695ac89bc68d9482e0,union-list:taxon:cd87991d909e51695ac89bc68d9482e0,Lespedeza cuneata (Dum.Cours.) G.Don,Lespedeza cuneata (Dum.Cours.) G.Don,Plantae,species,accepted
en,http://creativecommons.org/publicdomain/zero/1.0/,INBO,INBO,https://doi.org/10.15468/97aucj,List of Invasive Alien Species of Union concern,union-list:taxon:a8b695e24272320983e2668a44901a8b,union-list:taxon:cd87991d909e51695ac89bc68d9482e0,Lespedeza juncea var. sericea (Thunb.) Lace & Hauech,Lespedeza cuneata (Dum.Cours.) G.Don,Plantae,variety,synonym
en,http://creativecommons.org/publicdomain/zero/1.0/,INBO,INBO,https://doi.org/10.15468/97aucj,List of Invasive Alien Species of Union concern,union-list:taxon:a366a16fa6a8075507be620fc2d943bc,union-list:taxon:a366a16fa6a8075507be620fc2d943bc,"Limnoperna fortunei (Dunker, 1857)","Limnoperna fortunei (Dunker, 1857)",Animalia,species,accepted
en,http://creativecommons.org/publicdomain/zero/1.0/,INBO,INBO,https://doi.org/10.15468/97aucj,List of Invasive Alien Species of Union concern,union-list:taxon:b66f1a4a05d28fcfa53c1394ece05316,union-list:taxon:b66f1a4a05d28fcfa53c1394ece05316,"Lithobates catesbeianus Shaw, 1802","Lithobates catesbeianus Shaw, 1802",Animalia,species,accepted
en,http://creativecommons.org/publicdomain/zero/1.0/,INBO,INBO,https://doi.org/10.15468/97aucj,List of Invasive Alien Species of Union concern,union-list:taxon:91ce69259d5fe60e33521befc8c7dfc2,union-list:taxon:b66f1a4a05d28fcfa53c1394ece05316,"Rana catesbeiana Shaw, 1802","Lithobates catesbeianus Shaw, 1802",Animalia,species,synonym
en,http://creativecommons.org/publicdomain/zero/1.0/,INBO,INBO,https://doi.org/10.15468/97aucj,List of Invasive Alien Species of Union concern,union-list:taxon:d7e8d97874af0e572e3e32eb6bae8b7b,union-list:taxon:d7e8d97874af0e572e3e32eb6bae8b7b,Ludwigia grandiflora (Michx.) Greuter & Burdet,Ludwigia grandiflora (Michx.) Greuter & Burdet,Plantae,species,accepted
en,http://creativecommons.org/publicdomain/zero/1.0/,INBO,INBO,https://doi.org/10.15468/97aucj,List of Invasive Alien Species of Union concern,union-list:taxon:5c5701252bbdefcded25a15920dbc890,union-list:taxon:5c5701252bbdefcded25a15920dbc890,Ludwigia peploides (Kunth) P.H. Raven,Ludwigia peploides (Kunth) P.H. Raven,Plantae,species,accepted
en,http://creativecommons.org/publicdomain/zero/1.0/,INBO,INBO,https://doi.org/10.15468/97aucj,List of Invasive Alien Species of Union concern,union-list:taxon:234b55303bbec0961188169ba80d90aa,union-list:taxon:234b55303bbec0961188169ba80d90aa,Lygodium japonicum (Thunb.) Sw.,Lygodium japonicum (Thunb.) Sw.,Plantae,species,accepted
en,http://creativecommons.org/publicdomain/zero/1.0/,INBO,INBO,https://doi.org/10.15468/97aucj,List of Invasive Alien Species of Union concern,union-list:taxon:1a5ce47f15a3a1baab1f2339ff6e09b6,union-list:taxon:1a5ce47f15a3a1baab1f2339ff6e09b6,Lysichiton americanus Hultén and St. John,Lysichiton americanus Hultén and St. John,Plantae,species,accepted
en,http://creativecommons.org/publicdomain/zero/1.0/,INBO,INBO,https://doi.org/10.15468/97aucj,List of Invasive Alien Species of Union concern,union-list:taxon:5edab6622287930a1d9647792b10eac5,union-list:taxon:5edab6622287930a1d9647792b10eac5,Microstegium vimineum (Trin.) A. Camus,Microstegium vimineum (Trin.) A. Camus,Plantae,species,accepted
en,http://creativecommons.org/publicdomain/zero/1.0/,INBO,INBO,https://doi.org/10.15468/97aucj,List of Invasive Alien Species of Union concern,union-list:taxon:00300bd4820a4cac429fcbc34c3b8177,union-list:taxon:00300bd4820a4cac429fcbc34c3b8177,"Morone americana (Gmelin, 1789)","Morone americana (Gmelin, 1789)",Animalia,species,accepted
en,http://creativecommons.org/publicdomain/zero/1.0/,INBO,INBO,https://doi.org/10.15468/97aucj,List of Invasive Alien Species of Union concern,union-list:taxon:2858dd69ce600e2f8de3ad8d9b7de364,union-list:taxon:2858dd69ce600e2f8de3ad8d9b7de364,"Muntiacus reevesi Ogilby, 1839","Muntiacus reevesi Ogilby, 1839",Animalia,species,accepted
en,http://creativecommons.org/publicdomain/zero/1.0/,INBO,INBO,https://doi.org/10.15468/97aucj,List of Invasive Alien Species of Union concern,union-list:taxon:4c90a0cc6adea286e0cfa9800b6c687f,union-list:taxon:4c90a0cc6adea286e0cfa9800b6c687f,"Myocastor coypus Molina, 1782","Myocastor coypus Molina, 1782",Animalia,species,accepted
en,http://creativecommons.org/publicdomain/zero/1.0/,INBO,INBO,https://doi.org/10.15468/97aucj,List of Invasive Alien Species of Union concern,union-list:taxon:1af23afca02d69627a73b1c96d716661,union-list:taxon:1af23afca02d69627a73b1c96d716661,Myriophyllum aquaticum (Vell.) Verdc.,Myriophyllum aquaticum (Vell.) Verdc.,Plantae,species,accepted
en,http://creativecommons.org/publicdomain/zero/1.0/,INBO,INBO,https://doi.org/10.15468/97aucj,List of Invasive Alien Species of Union concern,union-list:taxon:fdfdd3923b25b5a6fb86b7f3996181c5,union-list:taxon:fdfdd3923b25b5a6fb86b7f3996181c5,Myriophyllum heterophyllum Michaux,Myriophyllum heterophyllum Michaux,Plantae,species,accepted
en,http://creativecommons.org/publicdomain/zero/1.0/,INBO,INBO,https://doi.org/10.15468/97aucj,List of Invasive Alien Species of Union concern,union-list:taxon:496ac7b62bc71964bcbb2ce3389c3dda,union-list:taxon:496ac7b62bc71964bcbb2ce3389c3dda,"Nasua nasua Linnaeus, 1766","Nasua nasua Linnaeus, 1766",Animalia,species,accepted
en,http://creativecommons.org/publicdomain/zero/1.0/,INBO,INBO,https://doi.org/10.15468/97aucj,List of Invasive Alien Species of Union concern,union-list:taxon:15bb47456ffdc7d6cc73bc9b7e20501c,union-list:taxon:15bb47456ffdc7d6cc73bc9b7e20501c,"Nyctereutes procyonoides Gray, 1834","Nyctereutes procyonoides Gray, 1834",Animalia,species,accepted
en,http://creativecommons.org/publicdomain/zero/1.0/,INBO,INBO,https://doi.org/10.15468/97aucj,List of Invasive Alien Species of Union concern,union-list:taxon:c2eceaff657f5d9ec6735f68425a605b,union-list:taxon:c2eceaff657f5d9ec6735f68425a605b,"Ondatra zibethicus Linnaeus, 1766","Ondatra zibethicus Linnaeus, 1766",Animalia,species,accepted
en,http://creativecommons.org/publicdomain/zero/1.0/,INBO,INBO,https://doi.org/10.15468/97aucj,List of Invasive Alien Species of Union concern,union-list:taxon:63eb39c287c2f01a66019ff34a469f19,union-list:taxon:63eb39c287c2f01a66019ff34a469f19,"Orconectes limosus Rafinesque, 1817","Orconectes limosus Rafinesque, 1817",Animalia,species,accepted
en,http://creativecommons.org/publicdomain/zero/1.0/,INBO,INBO,https://doi.org/10.15468/97aucj,List of Invasive Alien Species of Union concern,union-list:taxon:05ba41c60ef652556b8ab9196756b31d,union-list:taxon:63eb39c287c2f01a66019ff34a469f19,"Faxonius limosus Rafinesque, 1817","Orconectes limosus Rafinesque, 1817",Animalia,species,synonym
en,http://creativecommons.org/publicdomain/zero/1.0/,INBO,INBO,https://doi.org/10.15468/97aucj,List of Invasive Alien Species of Union concern,union-list:taxon:db216249730f55c742b48e1a46642584,union-list:taxon:db216249730f55c742b48e1a46642584,"Orconectes virilis Hagen, 1870","Orconectes virilis Hagen, 1870",Animalia,species,accepted
en,http://creativecommons.org/publicdomain/zero/1.0/,INBO,INBO,https://doi.org/10.15468/97aucj,List of Invasive Alien Species of Union concern,union-list:taxon:567527f8bf8a15a3a9afeea3f3b2c648,union-list:taxon:db216249730f55c742b48e1a46642584,"Faxonius virilis Hagen, 1870","Orconectes virilis Hagen, 1870",Animalia,species,synonym
en,http://creativecommons.org/publicdomain/zero/1.0/,INBO,INBO,https://doi.org/10.15468/97aucj,List of Invasive Alien Species of Union concern,union-list:taxon:46766cbfea3fbf94c8995f4d9ca05d32,union-list:taxon:46766cbfea3fbf94c8995f4d9ca05d32,"Oxyura jamaicensis Gmelin, 1789","Oxyura jamaicensis Gmelin, 1789",Animalia,species,accepted
en,http://creativecommons.org/publicdomain/zero/1.0/,INBO,INBO,https://doi.org/10.15468/97aucj,List of Invasive Alien Species of Union concern,union-list:taxon:ee330ef52fdb6375ae0223e945ccdbe3,union-list:taxon:ee330ef52fdb6375ae0223e945ccdbe3,"Pacifastacus leniusculus Dana, 1852","Pacifastacus leniusculus Dana, 1852",Animalia,species,accepted
en,http://creativecommons.org/publicdomain/zero/1.0/,INBO,INBO,https://doi.org/10.15468/97aucj,List of Invasive Alien Species of Union concern,union-list:taxon:5c2d10adb3fc8b43e9f6306ac50e71c3,union-list:taxon:5c2d10adb3fc8b43e9f6306ac50e71c3,Parthenium hysterophorus L.,Parthenium hysterophorus L.,Plantae,species,accepted
en,http://creativecommons.org/publicdomain/zero/1.0/,INBO,INBO,https://doi.org/10.15468/97aucj,List of Invasive Alien Species of Union concern,union-list:taxon:2252885048cc2297c1dd5b31b917f5ca,union-list:taxon:2252885048cc2297c1dd5b31b917f5ca,Pennisetum setaceum (Forssk.) Chiov.,Pennisetum setaceum (Forssk.) Chiov.,Plantae,species,accepted
en,http://creativecommons.org/publicdomain/zero/1.0/,INBO,INBO,https://doi.org/10.15468/97aucj,List of Invasive Alien Species of Union concern,union-list:taxon:2aea54bb9450b326bcab0e63f8fdefc1,union-list:taxon:2aea54bb9450b326bcab0e63f8fdefc1,"Perccottus glenii Dybowski, 1877","Perccottus glenii Dybowski, 1877",Animalia,species,accepted
en,http://creativecommons.org/publicdomain/zero/1.0/,INBO,INBO,https://doi.org/10.15468/97aucj,List of Invasive Alien Species of Union concern,union-list:taxon:f6080f462684f01c273ab81bc8765a2a,union-list:taxon:f6080f462684f01c273ab81bc8765a2a,Persicaria perfoliata (L.) H. Gross,Persicaria perfoliata (L.) H. Gross,Plantae,species,accepted
en,http://creativecommons.org/publicdomain/zero/1.0/,INBO,INBO,https://doi.org/10.15468/97aucj,List of Invasive Alien Species of Union concern,union-list:taxon:f23795a07eb65449a456cfb63c0ba87a,union-list:taxon:f6080f462684f01c273ab81bc8765a2a,Polygonum perfoliatum L.,Persicaria perfoliata (L.) H. Gross,Plantae,species,synonym
en,http://creativecommons.org/publicdomain/zero/1.0/,INBO,INBO,https://doi.org/10.15468/97aucj,List of Invasive Alien Species of Union concern,union-list:taxon:21e5a6919ccfea1fb1588ce43785e2e7,union-list:taxon:21e5a6919ccfea1fb1588ce43785e2e7,Pistia stratiotes L.,Pistia stratiotes L.,Plantae,species,accepted
en,http://creativecommons.org/publicdomain/zero/1.0/,INBO,INBO,https://doi.org/10.15468/97aucj,List of Invasive Alien Species of Union concern,union-list:taxon:163a39867c156bbfd1725dfa0a751ac8,union-list:taxon:163a39867c156bbfd1725dfa0a751ac8,"Plotosus lineatus (Thunberg, 1787)","Plotosus lineatus (Thunberg, 1787)",Animalia,species,accepted
en,http://creativecommons.org/publicdomain/zero/1.0/,INBO,INBO,https://doi.org/10.15468/97aucj,List of Invasive Alien Species of Union concern,union-list:taxon:79847bb81e5180ae0645758dff35be2b,union-list:taxon:79847bb81e5180ae0645758dff35be2b,"Procambarus clarkii Girard, 1852","Procambarus clarkii Girard, 1852",Animalia,species,accepted
en,http://creativecommons.org/publicdomain/zero/1.0/,INBO,INBO,https://doi.org/10.15468/97aucj,List of Invasive Alien Species of Union concern,union-list:taxon:2ae7aa0268ac3a57f0f0d5c66055fae9,union-list:taxon:2ae7aa0268ac3a57f0f0d5c66055fae9,"Procambarus fallax (Hagen, 1870) f. virginalis","Procambarus fallax (Hagen, 1870) f. virginalis",Animalia,form,accepted
en,http://creativecommons.org/publicdomain/zero/1.0/,INBO,INBO,https://doi.org/10.15468/97aucj,List of Invasive Alien Species of Union concern,union-list:taxon:71faf68df58e2aa4d68f3ce282b97621,union-list:taxon:2ae7aa0268ac3a57f0f0d5c66055fae9,"Procambarus virginalis Lyko, 2017","Procambarus fallax (Hagen, 1870) f. virginalis",Animalia,species,synonym
en,http://creativecommons.org/publicdomain/zero/1.0/,INBO,INBO,https://doi.org/10.15468/97aucj,List of Invasive Alien Species of Union concern,union-list:taxon:54c9284b5e4af193c432b03d99f0194e,union-list:taxon:54c9284b5e4af193c432b03d99f0194e,"Procyon lotor Linnaeus, 1758","Procyon lotor Linnaeus, 1758",Animalia,species,accepted
en,http://creativecommons.org/publicdomain/zero/1.0/,INBO,INBO,https://doi.org/10.15468/97aucj,List of Invasive Alien Species of Union concern,union-list:taxon:99305db298468c301aab9d55f6179fac,union-list:taxon:99305db298468c301aab9d55f6179fac,Prosopis juliflora (Sw.) DC.,Prosopis juliflora (Sw.) DC.,Plantae,species,accepted
en,http://creativecommons.org/publicdomain/zero/1.0/,INBO,INBO,https://doi.org/10.15468/97aucj,List of Invasive Alien Species of Union concern,union-list:taxon:a4e7707bd80f188365377a5e93b481e1,union-list:taxon:a4e7707bd80f188365377a5e93b481e1,"Pseudorasbora parva Temminck & Schlegel, 1846","Pseudorasbora parva Temminck & Schlegel, 1846",Animalia,species,accepted
en,http://creativecommons.org/publicdomain/zero/1.0/,INBO,INBO,https://doi.org/10.15468/97aucj,List of Invasive Alien Species of Union concern,union-list:taxon:5e7c81aad21334eec9db3f9d52acfc80,union-list:taxon:5e7c81aad21334eec9db3f9d52acfc80,Pueraria montana (Lour.) Merr. var. lobata (Willd.),Pueraria montana (Lour.) Merr. var. lobata (Willd.),Plantae,variety,accepted
en,http://creativecommons.org/publicdomain/zero/1.0/,INBO,INBO,https://doi.org/10.15468/97aucj,List of Invasive Alien Species of Union concern,union-list:taxon:89f0024cd173114d3c245dfc9fe524ca,union-list:taxon:5e7c81aad21334eec9db3f9d52acfc80,Pueraria lobata (Willd.) Ohwi,Pueraria montana (Lour.) Merr. var. lobata (Willd.),Plantae,species,synonym
en,http://creativecommons.org/publicdomain/zero/1.0/,INBO,INBO,https://doi.org/10.15468/97aucj,List of Invasive Alien Species of Union concern,union-list:taxon:de33b9edfd60eaf11e4794c262d96992,union-list:taxon:de33b9edfd60eaf11e4794c262d96992,"Pycnonotus cafer (Linnaeus, 1766)","Pycnonotus cafer (Linnaeus, 1766)",Animalia,species,accepted
en,http://creativecommons.org/publicdomain/zero/1.0/,INBO,INBO,https://doi.org/10.15468/97aucj,List of Invasive Alien Species of Union concern,union-list:taxon:1f60aa50a56d6930b330b1c245da4d38,union-list:taxon:1f60aa50a56d6930b330b1c245da4d38,"Rugulopteryx okamurae (E.Y.Dawson) I.K.Hwang, W.J.Lee & H.S.Kim, 2009","Rugulopteryx okamurae (E.Y.Dawson) I.K.Hwang, W.J.Lee & H.S.Kim, 2009",Chromista,species,accepted
en,http://creativecommons.org/publicdomain/zero/1.0/,INBO,INBO,https://doi.org/10.15468/97aucj,List of Invasive Alien Species of Union concern,union-list:taxon:e3b93d87f35a069ffecea617ef51a45a,union-list:taxon:e3b93d87f35a069ffecea617ef51a45a,Salvinia molesta D.S.Mitch.,Salvinia molesta D.S.Mitch.,Plantae,species,accepted
en,http://creativecommons.org/publicdomain/zero/1.0/,INBO,INBO,https://doi.org/10.15468/97aucj,List of Invasive Alien Species of Union concern,union-list:taxon:0aa74bf623b9700c704f4331fa4edac3,union-list:taxon:e3b93d87f35a069ffecea617ef51a45a,Salvinia adnata Desv.,Salvinia molesta D.S.Mitch.,Plantae,species,synonym
en,http://creativecommons.org/publicdomain/zero/1.0/,INBO,INBO,https://doi.org/10.15468/97aucj,List of Invasive Alien Species of Union concern,union-list:taxon:843f33e3e64980d12946fe852b4e0e1e,union-list:taxon:843f33e3e64980d12946fe852b4e0e1e,"Sciurus carolinensis Gmelin, 1788","Sciurus carolinensis Gmelin, 1788",Animalia,species,accepted
en,http://creativecommons.org/publicdomain/zero/1.0/,INBO,INBO,https://doi.org/10.15468/97aucj,List of Invasive Alien Species of Union concern,union-list:taxon:ea75f869bf4fef4a9b278a4cca5b17ca,union-list:taxon:ea75f869bf4fef4a9b278a4cca5b17ca,"Sciurus niger Linnaeus, 1758","Sciurus niger Linnaeus, 1758",Animalia,species,accepted
en,http://creativecommons.org/publicdomain/zero/1.0/,INBO,INBO,https://doi.org/10.15468/97aucj,List of Invasive Alien Species of Union concern,union-list:taxon:644152f140aacecf03bbf5b082f45868,union-list:taxon:644152f140aacecf03bbf5b082f45868,"Solenopsis geminata (Fabricius, 1804)","Solenopsis geminata (Fabricius, 1804)",Animalia,species,accepted
en,http://creativecommons.org/publicdomain/zero/1.0/,INBO,INBO,https://doi.org/10.15468/97aucj,List of Invasive Alien Species of Union concern,union-list:taxon:3db654096b594ec3a20df3d104783ade,union-list:taxon:3db654096b594ec3a20df3d104783ade,"Solenopsis invicta Buren, 1972","Solenopsis invicta Buren, 1972",Animalia,species,accepted
en,http://creativecommons.org/publicdomain/zero/1.0/,INBO,INBO,https://doi.org/10.15468/97aucj,List of Invasive Alien Species of Union concern,union-list:taxon:2a19eeb03ac9175ecf89f0092f578909,union-list:taxon:2a19eeb03ac9175ecf89f0092f578909,"Solenopsis richteri Forel, 1909","Solenopsis richteri Forel, 1909",Animalia,species,accepted
en,http://creativecommons.org/publicdomain/zero/1.0/,INBO,INBO,https://doi.org/10.15468/97aucj,List of Invasive Alien Species of Union concern,union-list:taxon:da1e73a1d426b24db0ca4f186d6aea73,union-list:taxon:da1e73a1d426b24db0ca4f186d6aea73,"Tamias sibiricus Laxmann, 1769","Tamias sibiricus Laxmann, 1769",Animalia,species,accepted
en,http://creativecommons.org/publicdomain/zero/1.0/,INBO,INBO,https://doi.org/10.15468/97aucj,List of Invasive Alien Species of Union concern,union-list:taxon:e6f0112aec457de98b2848f2ad24c4ba,union-list:taxon:e6f0112aec457de98b2848f2ad24c4ba,"Threskiornis aethiopicus Latham, 1790","Threskiornis aethiopicus Latham, 1790",Animalia,species,accepted
en,http://creativecommons.org/publicdomain/zero/1.0/,INBO,INBO,https://doi.org/10.15468/97aucj,List of Invasive Alien Species of Union concern,union-list:taxon:b4d8d4e2c93b6a704156e1b53001938e,union-list:taxon:b4d8d4e2c93b6a704156e1b53001938e,"Trachemys scripta Schoepff, 1792","Trachemys scripta Schoepff, 1792",Animalia,species,accepted
en,http://creativecommons.org/publicdomain/zero/1.0/,INBO,INBO,https://doi.org/10.15468/97aucj,List of Invasive Alien Species of Union concern,union-list:taxon:4061958a375cb90ae7d68ea9e1dc597f,union-list:taxon:4061958a375cb90ae7d68ea9e1dc597f,Triadica sebífera (L.) Small,Triadica sebífera (L.) Small,Plantae,species,accepted
en,http://creativecommons.org/publicdomain/zero/1.0/,INBO,INBO,https://doi.org/10.15468/97aucj,List of Invasive Alien Species of Union concern,union-list:taxon:15a236503f494849f5c2c4b9e03b9369,union-list:taxon:4061958a375cb90ae7d68ea9e1dc597f,Sapium sebiferum (L.) Roxb.,Triadica sebífera (L.) Small,Plantae,species,synonym
en,http://creativecommons.org/publicdomain/zero/1.0/,INBO,INBO,https://doi.org/10.15468/97aucj,List of Invasive Alien Species of Union concern,union-list:taxon:07b5286edbd48415d4e154b4aba5cbf9,union-list:taxon:07b5286edbd48415d4e154b4aba5cbf9,"Vespa velutina nigrithorax de Buysson, 1905","Vespa velutina nigrithorax de Buysson, 1905",Animalia,subspecies,accepted
en,http://creativecommons.org/publicdomain/zero/1.0/,INBO,INBO,https://doi.org/10.15468/97aucj,List of Invasive Alien Species of Union concern,union-list:taxon:f7c8bed2b36b21e3a4bff1632c5f1c2d,union-list:taxon:f7c8bed2b36b21e3a4bff1632c5f1c2d,"Wasmannia auropunctata (Roger, 1863)","Wasmannia auropunctata (Roger, 1863)",Animalia,species,accepted
en,http://creativecommons.org/publicdomain/zero/1.0/,INBO,INBO,https://doi.org/10.15468/97aucj,List of Invasive Alien Species of Union concern,union-list:taxon:69c04e84e8c6abc981ad1c57068556cb,union-list:taxon:69c04e84e8c6abc981ad1c57068556cb,"Xenopus laevis (Daudin, 1802)","Xenopus laevis (Daudin, 1802)",Animalia,species,accepted
en,http://creativecommons.org/publicdomain/zero/1.0/,INBO,INBO,https://doi.org/10.15468/97aucj,List of Invasive Alien Species of Union concern,union-list:taxon:ddfac66517f77da2afacc59942ff8701,union-list:taxon:ddfac66517f77da2afacc59942ff8701,"Acacia mearnsii De Wild., Pl. Bequaert. 3: 61 (1925)","Acacia mearnsii De Wild., Pl. Bequaert. 3: 61 (1925)",Plantae,species,accepted
en,http://creativecommons.org/publicdomain/zero/1.0/,INBO,INBO,https://doi.org/10.15468/97aucj,List of Invasive Alien Species of Union concern,union-list:taxon:ce87ebb2bda02f232d67c91a96386a12,union-list:taxon:ce87ebb2bda02f232d67c91a96386a12,"Acridotheres cristatellus(Linnaeus, 1758)","Acridotheres cristatellus(Linnaeus, 1758)",Animalia,species,accepted
en,http://creativecommons.org/publicdomain/zero/1.0/,INBO,INBO,https://doi.org/10.15468/97aucj,List of Invasive Alien Species of Union concern,union-list:taxon:3b6ea70edad3df4c6e7e10cddf0e440d,union-list:taxon:3b6ea70edad3df4c6e7e10cddf0e440d,"Asterias amurensis Lutken, 1871","Asterias amurensis Lutken, 1871",Animalia,species,accepted
en,http://creativecommons.org/publicdomain/zero/1.0/,INBO,INBO,https://doi.org/10.15468/97aucj,List of Invasive Alien Species of Union concern,union-list:taxon:890ae72fcd7034e3a093f55bcfea95e1,union-list:taxon:890ae72fcd7034e3a093f55bcfea95e1,"Bipalium kewense Moseley, 1868","Bipalium kewense Moseley, 1868",Animalia,species,accepted
en,http://creativecommons.org/publicdomain/zero/1.0/,INBO,INBO,https://doi.org/10.15468/97aucj,List of Invasive Alien Species of Union concern,union-list:taxon:9283b87c11b709c6524ab29c24a8708b,union-list:taxon:9283b87c11b709c6524ab29c24a8708b,"Brachyponera chinensis (Emery, 1895)","Brachyponera chinensis (Emery, 1895)",Animalia,species,accepted
en,http://creativecommons.org/publicdomain/zero/1.0/,INBO,INBO,https://doi.org/10.15468/97aucj,List of Invasive Alien Species of Union concern,union-list:taxon:882b2efcbce17bbcbe17590cc281c6b4,union-list:taxon:882b2efcbce17bbcbe17590cc281c6b4,Broussonetia papyrifera (L.) L'Hér ex Vent.,Broussonetia papyrifera (L.) L'Hér ex Vent.,Plantae,species,accepted
en,http://creativecommons.org/publicdomain/zero/1.0/,INBO,INBO,https://doi.org/10.15468/97aucj,List of Invasive Alien Species of Union concern,union-list:taxon:2b08658160feaa6b8796da6b359c133c,union-list:taxon:2b08658160feaa6b8796da6b359c133c,"Cervus nippon Temminck, 1838","Cervus nippon Temminck, 1838",Animalia,species,accepted
en,http://creativecommons.org/publicdomain/zero/1.0/,INBO,INBO,https://doi.org/10.15468/97aucj,List of Invasive Alien Species of Union concern,union-list:taxon:b5258a0162aa75240c4598a606412ce6,union-list:taxon:b5258a0162aa75240c4598a606412ce6,"Cherax destructor Clark, 1936","Cherax destructor Clark, 1936",Animalia,species,accepted
en,http://creativecommons.org/publicdomain/zero/1.0/,INBO,INBO,https://doi.org/10.15468/97aucj,List of Invasive Alien Species of Union concern,union-list:taxon:450d29a873c9d55336b67d1d3b5fadff,union-list:taxon:450d29a873c9d55336b67d1d3b5fadff,Cipangopaludina chinensis(Gray 1834),Cipangopaludina chinensis(Gray 1834),Animalia,species,accepted
en,http://creativecommons.org/publicdomain/zero/1.0/,INBO,INBO,https://doi.org/10.15468/97aucj,List of Invasive Alien Species of Union concern,union-list:taxon:b12131a69984bbb1b6ded08c7050b459,union-list:taxon:b12131a69984bbb1b6ded08c7050b459,Crassula helmsii(Kirk) Cockayne,Crassula helmsii(Kirk) Cockayne,Plantae,species,accepted
en,http://creativecommons.org/publicdomain/zero/1.0/,INBO,INBO,https://doi.org/10.15468/97aucj,List of Invasive Alien Species of Union concern,union-list:taxon:aa96cc273c7dfd3870e526d36cb686bd,union-list:taxon:aa96cc273c7dfd3870e526d36cb686bd,Delairea odorata Lem.,Delairea odorata Lem.,Plantae,species,accepted
en,http://creativecommons.org/publicdomain/zero/1.0/,INBO,INBO,https://doi.org/10.15468/97aucj,List of Invasive Alien Species of Union concern,union-list:taxon:00f7025e56a3856f2eae16045a986c1c,union-list:taxon:00f7025e56a3856f2eae16045a986c1c,"Faxonius immunis (Hagen, 1870)","Faxonius immunis (Hagen, 1870)",Animalia,species,accepted
en,http://creativecommons.org/publicdomain/zero/1.0/,INBO,INBO,https://doi.org/10.15468/97aucj,List of Invasive Alien Species of Union concern,union-list:taxon:48d76113c2198d859574c50afa07917f,union-list:taxon:48d76113c2198d859574c50afa07917f,Marisa cornuarietis (Linnaeus 1758),Marisa cornuarietis (Linnaeus 1758),Animalia,species,accepted
en,http://creativecommons.org/publicdomain/zero/1.0/,INBO,INBO,https://doi.org/10.15468/97aucj,List of Invasive Alien Species of Union concern,union-list:taxon:e55c33cbf6cfb03b0fe0e4232fdbf68f,union-list:taxon:e55c33cbf6cfb03b0fe0e4232fdbf68f,"Misgurnus anguillicaudatus (Cantor, 1842)","Misgurnus anguillicaudatus (Cantor, 1842)",Animalia,species,accepted
en,http://creativecommons.org/publicdomain/zero/1.0/,INBO,INBO,https://doi.org/10.15468/97aucj,List of Invasive Alien Species of Union concern,union-list:taxon:6d63e4fa1aba21c21ec3a92ff2c51c2c,union-list:taxon:6d63e4fa1aba21c21ec3a92ff2c51c2c,"Misgurnus bipartitus (Sauvage & Dabry de Thiersant, 1874)","Misgurnus bipartitus (Sauvage & Dabry de Thiersant, 1874)",Animalia,species,accepted
en,http://creativecommons.org/publicdomain/zero/1.0/,INBO,INBO,https://doi.org/10.15468/97aucj,List of Invasive Alien Species of Union concern,union-list:taxon:52280b81c6b277f031faa79ecde9fecf,union-list:taxon:52280b81c6b277f031faa79ecde9fecf,"Mulinia lateralis (Say, 1822)","Mulinia lateralis (Say, 1822)",Animalia,species,accepted
en,http://creativecommons.org/publicdomain/zero/1.0/,INBO,INBO,https://doi.org/10.15468/97aucj,List of Invasive Alien Species of Union concern,union-list:taxon:ef35dc152e13e2f232eb8bdc2dd0deab,union-list:taxon:ef35dc152e13e2f232eb8bdc2dd0deab,"Nanozostera japonica(Ascherson & Graebner) Tomlinson & Posluszny, 2001","Nanozostera japonica(Ascherson & Graebner) Tomlinson & Posluszny, 2001",Plantae,species,accepted
en,http://creativecommons.org/publicdomain/zero/1.0/,INBO,INBO,https://doi.org/10.15468/97aucj,List of Invasive Alien Species of Union concern,union-list:taxon:49d497d537a06f3ef07d8334cb4f0167,union-list:taxon:49d497d537a06f3ef07d8334cb4f0167,"Obama nungara Carbayo, Álvarez-Presas, Jones & Riutort, 2016","Obama nungara Carbayo, Álvarez-Presas, Jones & Riutort, 2016",Animalia,species,accepted
en,http://creativecommons.org/publicdomain/zero/1.0/,INBO,INBO,https://doi.org/10.15468/97aucj,List of Invasive Alien Species of Union concern,union-list:taxon:79733970a38e1d5388901895cc17a1fd,union-list:taxon:79733970a38e1d5388901895cc17a1fd,"Platydemus manokwari de Beauchamp, 1963","Platydemus manokwari de Beauchamp, 1963",Animalia,species,accepted
en,http://creativecommons.org/publicdomain/zero/1.0/,INBO,INBO,https://doi.org/10.15468/97aucj,List of Invasive Alien Species of Union concern,union-list:taxon:322d1351d4013395e68b1748f5258566,union-list:taxon:322d1351d4013395e68b1748f5258566,"Pycnonotus jocosus(Linnaeus, 1758)","Pycnonotus jocosus(Linnaeus, 1758)",Animalia,species,accepted
en,http://creativecommons.org/publicdomain/zero/1.0/,INBO,INBO,https://doi.org/10.15468/97aucj,List of Invasive Alien Species of Union concern,union-list:taxon:b2ca315e7bed9961f30de87b4a0b6dd2,union-list:taxon:b2ca315e7bed9961f30de87b4a0b6dd2,Reynoutria japonica Houtt.,Reynoutria japonica Houtt.,Plantae,species,accepted
en,http://creativecommons.org/publicdomain/zero/1.0/,INBO,INBO,https://doi.org/10.15468/97aucj,List of Invasive Alien Species of Union concern,union-list:taxon:d5202891200ffd3a660952866eb3e480,union-list:taxon:d5202891200ffd3a660952866eb3e480,Reynoutria sachalinensis(F. Schmidt) Nakai,Reynoutria sachalinensis(F. Schmidt) Nakai,Plantae,species,accepted
en,http://creativecommons.org/publicdomain/zero/1.0/,INBO,INBO,https://doi.org/10.15468/97aucj,List of Invasive Alien Species of Union concern,union-list:taxon:b95f610f4cf45562e8ebe9c124f3bd25,union-list:taxon:b95f610f4cf45562e8ebe9c124f3bd25,Reynoutria × bohemica Chrtek & Chrtková,Reynoutria × bohemica Chrtek & Chrtková,Plantae,,accepted
en,http://creativecommons.org/publicdomain/zero/1.0/,INBO,INBO,https://doi.org/10.15468/97aucj,List of Invasive Alien Species of Union concern,union-list:taxon:1a272ffe2a54bb0c09d30d2d5e4cfa22,union-list:taxon:1a272ffe2a54bb0c09d30d2d5e4cfa22,"Vespa mandarinia Smith, 1852","Vespa mandarinia Smith, 1852",Animalia,species,accepted
en,http://creativecommons.org/publicdomain/zero/1.0/,INBO,INBO,https://doi.org/10.15468/97aucj,List of Invasive Alien Species of Union concern,union-list:taxon:f7271a35ec4e10840106f492b86e8bb8,union-list:taxon:f7271a35ec4e10840106f492b86e8bb8,"Castor canadensis Kuhl, 1820","Castor canadensis Kuhl, 1820",Animalia,species,accepted
en,http://creativecommons.org/publicdomain/zero/1.0/,INBO,INBO,https://doi.org/10.15468/97aucj,List of Invasive Alien Species of Union concern,union-list:taxon:310958a0397bd9b9341c6a91f93bc67e,union-list:taxon:310958a0397bd9b9341c6a91f93bc67e,"Neogale vison (Schreber, 1777)","Neogale vison (Schreber, 1777)",Animalia,species,accepted
